Nombre_medico,Apellidos_medico,Username_medico,DNI_medico,Contrasena_medico,Email_medico,Numero_afiliacion_medico,Hospital_medico
Luis,Pérez,Medico001,50994589F,1010101,Luis001@gmail.com,1111,Hospital Infanta Leonor
Guillermo,Javier,Medico002,1122,233222,Guiller@gmail.com,23,Central
Susana,Garcia,Medico003,44622655Ñ,7788,Susana@gmail.com,44,San Rafael
Borja,Monsalve Piqueras,BorjaMonsalve,81969556V,1,borja.monsalve@uem.es,360812468,Hospital Alvaro Cunqueiro
Borja,Rodriguez Vila	,BorjaRodriguez,65874985H,1,borja.rodriguez@uem.es,152899773,Hospital Clinico Universitario de Santiago
Maria de la Luz,Morales Botello,MariLuzMorales,56566443J,1,mariluz.morales@uem.es,271527835,Hospital Universitario Lucus Augusti
Sergio,Bemposta Rosende,SergioBemposta,09118512R,1,sergio.bemposta@uem.es,151515980,Complejo Hospitalario Universitario A Coruña
